{
  "lambdas": [
    0.0,
    0.1,
    0.3,
    1.0,
    3.0,
    10.0,
    30.0,
    100.0
  ],
  "seeds": [
    42,
    123,
    456,
    789,
    1024
  ],
  "n_val_trials": 40,
  "val_mean_f1_per_lambda": {
    "0.0": 0.5245882,
    "0.1": 0.5284106000000001,
    "0.3": 0.5276137999999999,
    "1.0": 0.5415485999999999,
    "3.0": 0.513976,
    "10.0": 0.5299956000000001,
    "30.0": 0.5509321999999999,
    "100.0": 0.5544746
  },
  "lambda_star": 100.0,
  "test": {
    "vanilla": {
      "mean": 0.40947059999999996,
      "sd": 0.02513709430900875,
      "per_seed": [
        0.430855,
        0.413408,
        0.369863,
        0.402759,
        0.430468
      ]
    },
    "recon": {
      "mean": 0.5201047999999999,
      "sd": 0.02040323006781033,
      "per_seed": [
        0.497783,
        0.514925,
        0.506055,
        0.534579,
        0.547182
      ]
    },
    "covreg_star": {
      "mean": 0.523165,
      "sd": 0.031022180589055953,
      "per_seed": [
        0.535283,
        0.479592,
        0.523329,
        0.564447,
        0.513174
      ]
    }
  },
  "covreg_minus_recon_test": {
    "mean": 0.003060200000000024,
    "sd": 0.035195451882309985,
    "n_positive": 3
  },
  "KEEP_covreg_over_recon": false,
  "verdict": "DISCARD: covariance penalty does not clear the multi-seed gate"
}