{
  "elastic_net": {
    "1": {
      "direct_tp": 519,
      "indirect_tp": 0,
      "true_fp": 703,
      "total_tp": 519,
      "total_predicted": 1222,
      "precision": 0.4247135842880524,
      "recall_direct": 0.42540983606557375,
      "recall_extended": 0.42540983606557375,
      "gt_edges_direct": 1220,
      "gt_edges_extended": 1220,
      "frac_indirect": 0.0
    },
    "2": {
      "direct_tp": 519,
      "indirect_tp": 141,
      "true_fp": 562,
      "total_tp": 660,
      "total_predicted": 1222,
      "precision": 0.5400981996726678,
      "recall_direct": 0.42540983606557375,
      "recall_extended": 0.40194884287454324,
      "gt_edges_direct": 1220,
      "gt_edges_extended": 1642,
      "frac_indirect": 0.21363636363636362
    },
    "3": {
      "direct_tp": 519,
      "indirect_tp": 145,
      "true_fp": 558,
      "total_tp": 664,
      "total_predicted": 1222,
      "precision": 0.5433715220949263,
      "recall_direct": 0.42540983606557375,
      "recall_extended": 0.3968918111177525,
      "gt_edges_direct": 1220,
      "gt_edges_extended": 1673,
      "frac_indirect": 0.2183734939759036
    },
    "4": {
      "direct_tp": 519,
      "indirect_tp": 145,
      "true_fp": 558,
      "total_tp": 664,
      "total_predicted": 1222,
      "precision": 0.5433715220949263,
      "recall_direct": 0.42540983606557375,
      "recall_extended": 0.3964179104477612,
      "gt_edges_direct": 1220,
      "gt_edges_extended": 1675,
      "frac_indirect": 0.2183734939759036
    },
    "5": {
      "direct_tp": 519,
      "indirect_tp": 145,
      "true_fp": 558,
      "total_tp": 664,
      "total_predicted": 1222,
      "precision": 0.5433715220949263,
      "recall_direct": 0.42540983606557375,
      "recall_extended": 0.3964179104477612,
      "gt_edges_direct": 1220,
      "gt_edges_extended": 1675,
      "frac_indirect": 0.2183734939759036
    }
  },
  "gears_real": {
    "1": {
      "direct_tp": 489,
      "indirect_tp": 0,
      "true_fp": 703,
      "total_tp": 489,
      "total_predicted": 1192,
      "precision": 0.41023489932885904,
      "recall_direct": 0.40081967213114755,
      "recall_extended": 0.40081967213114755,
      "gt_edges_direct": 1220,
      "gt_edges_extended": 1220,
      "frac_indirect": 0.0
    },
    "2": {
      "direct_tp": 489,
      "indirect_tp": 141,
      "true_fp": 562,
      "total_tp": 630,
      "total_predicted": 1192,
      "precision": 0.5285234899328859,
      "recall_direct": 0.40081967213114755,
      "recall_extended": 0.38367844092570036,
      "gt_edges_direct": 1220,
      "gt_edges_extended": 1642,
      "frac_indirect": 0.22380952380952382
    },
    "3": {
      "direct_tp": 489,
      "indirect_tp": 146,
      "true_fp": 557,
      "total_tp": 635,
      "total_predicted": 1192,
      "precision": 0.5327181208053692,
      "recall_direct": 0.40081967213114755,
      "recall_extended": 0.3795576808129109,
      "gt_edges_direct": 1220,
      "gt_edges_extended": 1673,
      "frac_indirect": 0.22992125984251968
    },
    "4": {
      "direct_tp": 489,
      "indirect_tp": 146,
      "true_fp": 557,
      "total_tp": 635,
      "total_predicted": 1192,
      "precision": 0.5327181208053692,
      "recall_direct": 0.40081967213114755,
      "recall_extended": 0.37910447761194027,
      "gt_edges_direct": 1220,
      "gt_edges_extended": 1675,
      "frac_indirect": 0.22992125984251968
    },
    "5": {
      "direct_tp": 489,
      "indirect_tp": 146,
      "true_fp": 557,
      "total_tp": 635,
      "total_predicted": 1192,
      "precision": 0.5327181208053692,
      "recall_direct": 0.40081967213114755,
      "recall_extended": 0.37910447761194027,
      "gt_edges_direct": 1220,
      "gt_edges_extended": 1675,
      "frac_indirect": 0.22992125984251968
    }
  },
  "cpa_real": {
    "1": {
      "direct_tp": 476,
      "indirect_tp": 0,
      "true_fp": 753,
      "total_tp": 476,
      "total_predicted": 1229,
      "precision": 0.387306753458096,
      "recall_direct": 0.3901639344262295,
      "recall_extended": 0.3901639344262295,
      "gt_edges_direct": 1220,
      "gt_edges_extended": 1220,
      "frac_indirect": 0.0
    },
    "2": {
      "direct_tp": 476,
      "indirect_tp": 139,
      "true_fp": 614,
      "total_tp": 615,
      "total_predicted": 1229,
      "precision": 0.500406834825061,
      "recall_direct": 0.3901639344262295,
      "recall_extended": 0.3745432399512789,
      "gt_edges_direct": 1220,
      "gt_edges_extended": 1642,
      "frac_indirect": 0.22601626016260162
    },
    "3": {
      "direct_tp": 476,
      "indirect_tp": 148,
      "true_fp": 605,
      "total_tp": 624,
      "total_predicted": 1229,
      "precision": 0.5077298616761595,
      "recall_direct": 0.3901639344262295,
      "recall_extended": 0.37298266586969514,
      "gt_edges_direct": 1220,
      "gt_edges_extended": 1673,
      "frac_indirect": 0.23717948717948717
    },
    "4": {
      "direct_tp": 476,
      "indirect_tp": 148,
      "true_fp": 605,
      "total_tp": 624,
      "total_predicted": 1229,
      "precision": 0.5077298616761595,
      "recall_direct": 0.3901639344262295,
      "recall_extended": 0.3725373134328358,
      "gt_edges_direct": 1220,
      "gt_edges_extended": 1675,
      "frac_indirect": 0.23717948717948717
    },
    "5": {
      "direct_tp": 476,
      "indirect_tp": 148,
      "true_fp": 605,
      "total_tp": 624,
      "total_predicted": 1229,
      "precision": 0.5077298616761595,
      "recall_direct": 0.3901639344262295,
      "recall_extended": 0.3725373134328358,
      "gt_edges_direct": 1220,
      "gt_edges_extended": 1675,
      "frac_indirect": 0.23717948717948717
    }
  },
  "geneformer_real": {
    "1": {
      "direct_tp": 528,
      "indirect_tp": 0,
      "true_fp": 694,
      "total_tp": 528,
      "total_predicted": 1222,
      "precision": 0.4320785597381342,
      "recall_direct": 0.43278688524590164,
      "recall_extended": 0.43278688524590164,
      "gt_edges_direct": 1220,
      "gt_edges_extended": 1220,
      "frac_indirect": 0.0
    },
    "2": {
      "direct_tp": 528,
      "indirect_tp": 113,
      "true_fp": 581,
      "total_tp": 641,
      "total_predicted": 1222,
      "precision": 0.5245499181669394,
      "recall_direct": 0.43278688524590164,
      "recall_extended": 0.39037758830694275,
      "gt_edges_direct": 1220,
      "gt_edges_extended": 1642,
      "frac_indirect": 0.17628705148205928
    },
    "3": {
      "direct_tp": 528,
      "indirect_tp": 119,
      "true_fp": 575,
      "total_tp": 647,
      "total_predicted": 1222,
      "precision": 0.5294599018003273,
      "recall_direct": 0.43278688524590164,
      "recall_extended": 0.38673042438732813,
      "gt_edges_direct": 1220,
      "gt_edges_extended": 1673,
      "frac_indirect": 0.1839258114374034
    },
    "4": {
      "direct_tp": 528,
      "indirect_tp": 119,
      "true_fp": 575,
      "total_tp": 647,
      "total_predicted": 1222,
      "precision": 0.5294599018003273,
      "recall_direct": 0.43278688524590164,
      "recall_extended": 0.3862686567164179,
      "gt_edges_direct": 1220,
      "gt_edges_extended": 1675,
      "frac_indirect": 0.1839258114374034
    },
    "5": {
      "direct_tp": 528,
      "indirect_tp": 119,
      "true_fp": 575,
      "total_tp": 647,
      "total_predicted": 1222,
      "precision": 0.5294599018003273,
      "recall_direct": 0.43278688524590164,
      "recall_extended": 0.3862686567164179,
      "gt_edges_direct": 1220,
      "gt_edges_extended": 1675,
      "frac_indirect": 0.1839258114374034
    }
  },
  "overlay_resampled_real": {
    "1": {
      "direct_tp": 514,
      "indirect_tp": 0,
      "true_fp": 701,
      "total_tp": 514,
      "total_predicted": 1215,
      "precision": 0.42304526748971194,
      "recall_direct": 0.42131147540983604,
      "recall_extended": 0.42131147540983604,
      "gt_edges_direct": 1220,
      "gt_edges_extended": 1220,
      "frac_indirect": 0.0
    },