{
  "real_n_edges": 1220,
  "n_eval_genes": 200,
  "seed": 42,
  "partition_size": 20,
  "n_cells_per_pert": 100,
  "n_ctrl_for_overlay": 200,
  "loss_gauss": {
    "n_edges": 1215,
    "f1": 0.4008213552361397,
    "precision": 0.4016460905349794,
    "recall": 0.4,
    "tp": 488,
    "wall_time_s": 131.65046501159668
  },
  "latent_16": {
    "n_edges": 1188,
    "f1": 0.4127906976744186,
    "precision": 0.41835016835016836,
    "recall": 0.40737704918032785,
    "tp": 497,
    "wall_time_s": 105.54371619224548
  },
  "latent_256": {
    "n_edges": 1200,
    "f1": 0.4181818181818182,
    "precision": 0.4216666666666667,
    "recall": 0.41475409836065574,
    "tp": 506,
    "wall_time_s": 113.01425290107727
  },
  "decoder_1layer": {
    "n_edges": 1207,
    "f1": 0.4177997527812114,
    "precision": 0.420049710024855,
    "recall": 0.4155737704918033,
    "tp": 507,
    "wall_time_s": 137.0213589668274
  },
  "no_adversarial": {
    "n_edges": 1207,
    "f1": 0.38730943551709923,
    "precision": 0.38939519469759737,
    "recall": 0.38524590163934425,
    "tp": 470,
    "wall_time_s": 154.79569816589355
  },
  "layer_norm": {
    "n_edges": 1212,
    "f1": 0.3988486842105264,
    "precision": 0.40016501650165015,
    "recall": 0.3975409836065574,
    "tp": 485,
    "wall_time_s": 173.36123180389404
  }
}