n_genes,n_gt_edges,elastic_net_precision,elastic_net_edges,elastic_net_tp,gears_precision,gears_edges,gears_tp,cpa_precision,cpa_edges,cpa_tp,geneformer_precision,geneformer_edges,geneformer_tp
50,169,0.3448275862068966,203,70,0.28,200,56,0.3024390243902439,205,62,0.291866028708134,209,61
75,309,0.3088888888888889,450,139,0.35135135135135137,444,156,0.3435448577680525,457,157,0.3160270880361174,443,140
100,509,0.34408602150537637,651,224,0.3393665158371041,663,225,0.334855403348554,657,220,0.3482810164424514,669,233
125,646,0.35555555555555557,810,288,0.35960591133004927,812,292,0.32598039215686275,816,266,0.3490909090909091,825,288
150,821,0.3681640625,1024,377,0.3103448275862069,1015,315,0.3474494706448508,1039,361,0.3944069431051109,1037,409
175,1002,0.3694214876033058,1210,447,0.4009860312243221,1217,488,0.3780487804878049,1230,465,0.34047815333882936,1213,413
200,1217,0.3777322404371585,1464,553,0.3917808219178082,1460,572,0.38503401360544215,1470,566,0.37293956043956045,1456,543
