{
  "50": {
    "n_genes": 50,
    "partition_size": 15,
    "conditions": {
      "real_data": {
        "n_edges": 169,
        "time": 1.4935688972473145
      },
      "elastic_net": {
        "n_edges": 203,
        "tp": 70,
        "fp": 133,
        "fn": 99,
        "precision": 0.3448275862068966,
        "recall": 0.41420118343195267,
        "auprc": 0.3448275862068966,
        "random_floor": 0.06897959183673469,
        "time": 1.4769859313964844
      },
      "gears": {
        "n_edges": 200,
        "tp": 56,
        "fp": 144,
        "fn": 113,
        "precision": 0.28,
        "recall": 0.33136094674556216,
        "auprc": 0.28,
        "random_floor": 0.06897959183673469,
        "time": 1.8727221488952637
      },
      "cpa": {
        "n_edges": 205,
        "tp": 62,
        "fp": 143,
        "fn": 107,
        "precision": 0.3024390243902439,
        "recall": 0.3668639053254438,
        "auprc": 0.3024390243902439,
        "random_floor": 0.06897959183673469,
        "time": 1.945206642150879
      },
      "geneformer": {
        "n_edges": 209,
        "tp": 61,
        "fp": 148,
        "fn": 108,
        "precision": 0.291866028708134,
        "recall": 0.3609467455621302,
        "auprc": 0.291866028708134,
        "random_floor": 0.06897959183673469,
        "time": 1.5460801124572754
      }
    },
    "n_gt_edges": 169
  },
  "75": {
    "n_genes": 75,
    "partition_size": 20,
    "conditions": {
      "real_data": {
        "n_edges": 309,
        "time": 5.960387945175171
      },
      "elastic_net": {
        "n_edges": 450,
        "tp": 139,
        "fp": 311,
        "fn": 170,
        "precision": 0.3088888888888889,
        "recall": 0.44983818770226536,
        "auprc": 0.3088888888888889,
        "random_floor": 0.055675675675675676,
        "time": 28.444393157958984
      },
      "gears": {
        "n_edges": 444,
        "tp": 156,
        "fp": 288,
        "fn": 153,
        "precision": 0.35135135135135137,
        "recall": 0.5048543689320388,
        "auprc": 0.35135135135135137,
        "random_floor": 0.055675675675675676,
        "time": 26.824984073638916
      },
      "cpa": {
        "n_edges": 457,
        "tp": 157,
        "fp": 300,
        "fn": 152,
        "precision": 0.3435448577680525,
        "recall": 0.5080906148867314,
        "auprc": 0.3435448577680525,
        "random_floor": 0.055675675675675676,
        "time": 21.984315156936646
      },
      "geneformer": {
        "n_edges": 443,
        "tp": 140,
        "fp": 303,
        "fn": 169,
        "precision": 0.3160270880361174,
        "recall": 0.45307443365695793,
        "auprc": 0.3160270880361174,
        "random_floor": 0.055675675675675676,
        "time": 21.6492760181427
      }
    },
    "n_gt_edges": 309
  },
  "100": {
    "n_genes": 100,
    "partition_size": 20,
    "conditions": {
      "real_data": {
        "n_edges": 509,
        "time": 19.6322979927063
      },
      "elastic_net": {
        "n_edges": 651,
        "tp": 224,
        "fp": 427,
        "fn": 285,
        "precision": 0.34408602150537637,
        "recall": 0.4400785854616896,
        "auprc": 0.34408602150537637,
        "random_floor": 0.05141414141414141,
        "time": 54.202950954437256
      },
      "gears": {
        "n_edges": 663,
        "tp": 225,
        "fp": 438,
        "fn": 284,
        "precision": 0.3393665158371041,
        "recall": 0.44204322200392926,
        "auprc": 0.3393665158371041,
        "random_floor": 0.05141414141414141,
        "time": 53.3214271068573
      },
      "cpa": {
        "n_edges": 657,
        "tp": 220,
        "fp": 437,
        "fn": 289,
        "precision": 0.334855403348554,
        "recall": 0.43222003929273084,
        "auprc": 0.334855403348554,
        "random_floor": 0.05141414141414141,
        "time": 53.30907726287842
      },
      "geneformer": {
        "n_edges": 669,
        "tp": 233,
        "fp": 436,
        "fn": 276,
        "precision": 0.3482810164424514,
        "recall": 0.4577603143418468,
        "auprc": 0.3482810164424514,
        "random_floor": 0.05141414141414141,
        "time": 54.15509819984436
      }
    },
    "n_gt_edges": 509
  },
  "125": {
    "n_genes": 125,
    "partition_size": 20,
    "conditions": {
      "real_data": {
        "n_edges": 646,
        "time": 28.052565574645996
      },
      "elastic_net": {
        "n_edges": 810,
        "tp": 288,
        "fp": 522,
        "fn": 358,
        "precision": 0.35555555555555557,
        "recall": 0.4458204334365325,
        "auprc": 0.35555555555555557,
        "random_floor": 0.04167741935483871,
        "time": 83.42928409576416
      },
      "gears": {
        "n_edges": 812,
        "tp": 292,
        "fp": 520,
        "fn": 354,
        "precision": 0.35960591133004927,
        "recall": 0.4520123839009288,
        "auprc": 0.35960591133004927,
        "random_floor": 0.04167741935483871,
        "time": 93.09805989265442
      },
      "cpa": {
        "n_edges": 816,
        "tp": 266,
        "fp": 550,
        "fn": 380,
        "precision": 0.32598039215686275,
        "recall": 0.4117647058823529,
        "auprc": 0.32598039215686275,
        "random_floor": 0.04167741935483871,
        "time": 93.81089997291565
      },
      "geneformer": {
        "n_edges": 825,
        "tp": 288,
        "fp": 537,
        "fn": 358,
        "precision": 0.3490909090909091,
        "recall": 0.4458204334365325,
        "auprc": 0.3490909090909091,
        "random_floor": 0.04167741935483871,
        "time": 70.87667107582092
      }
    },
    "n_gt_edges": 646
  },
  "150": {
    "n_genes": 150,
    "partition_size": 20,
    "conditions": {
      "real_data": {
        "n_edges": 821,
        "time": 36.6479549407959
      },
      "elastic_net": {
        "n_edges": 1024,
        "tp": 377,
        "fp": 647,
        "fn": 444,
        "precision": 0.3681640625,
        "recall": 0.4591961023142509,
        "auprc": 0.3681640625,
        "random_floor": 0.036733780760626396,
        "time": 98.75848388671875
      },
      "gears": {
        "n_edges": 1015,
        "tp": 315,
        "fp": 700,
        "fn": 506,
        "precision": 0.3103448275862069,
        "recall": 0.38367844092570036,
        "auprc": 0.3103448275862069,
        "random_floor": 0.036733780760626396,
        "time": 121.37378096580505
      },
      "cpa": {
        "n_edges": 1039,
        "tp": 361,
        "fp": 678,
        "fn": 460,
        "precision": 0.3474494706448508,
        "recall": 0.4397076735688185,
        "auprc": 0.3474494706448508,
        "random_floor": 0.036733780760626396,
        "time": 102.7048089504242
      },
      "geneformer": {
        "n_edges": 1037,
        "tp": 409,
        "fp": 628,
        "fn": 412,
        "precision": 0.3944069431051109,
        "recall": 0.4981729598051157,
        "auprc": 0.3944069431051109,
        "random_floor": 0.036733780760626396,
        "time": 144.9619071483612
      }
    },
    "n_gt_edges": 821
  },
  "175": {
    "n_genes": 175,
    "partition_size": 20,
    "conditions": {
      "real_data": {
        "n_edges": 1002,
        "time": 67.03320789337158
      },
      "elastic_net": {
        "n_edges": 1210,
        "tp": 447,
        "fp": 763,
        "fn": 555,
        "precision": 0.3694214876033058,
        "recall": 0.44610778443113774,
        "auprc": 0.3694214876033058,
        "random_floor": 0.0329064039408867,
        "time": 123.33014988899231
      },
      "gears": {
        "n_edges": 1217,
        "tp": 488,
        "fp": 729,
        "fn": 514,
        "precision": 0.4009860312243221,
        "recall": 0.4870259481037924,
        "auprc": 0.4009860312243221,
        "random_floor": 0.0329064039408867,
        "time": 117.33206677436829
      },
      "cpa": {
        "n_edges": 1230,
        "tp": 465,
        "fp": 765,
        "fn": 537,
        "precision": 0.3780487804878049,