{
  "gears_q": {
    "model": "gears",
    "order": "q",
    "f1": 0.290021,
    "precision": 0.396307,
    "recall": 0.228689,
    "n_edges": 704,
    "wall_s": 13.434068202972412
  },
  "gears_c": {
    "model": "gears",
    "order": "c",
    "f1": 0.284232,
    "precision": 0.387006,
    "recall": 0.22459,
    "n_edges": 708,
    "wall_s": 38.08236908912659
  },
  "gears_s": {
    "model": "gears",
    "order": "s",
    "f1": 0.269874,
    "precision": 0.372832,
    "recall": 0.211475,
    "n_edges": 692,
    "wall_s": 14.790647029876709
  },
  "gears_sqc": {
    "model": "gears",
    "order": "sqc",
    "f1": 0.257895,
    "precision": 0.360294,
    "recall": 0.20082,
    "n_edges": 680,
    "wall_s": 13.688858270645142
  },
  "gears_scq": {
    "model": "gears",
    "order": "scq",
    "f1": 0.247917,
    "precision": 0.34,
    "recall": 0.195082,
    "n_edges": 700,
    "wall_s": 14.939502000808716
  },
  "gears_qsc": {
    "model": "gears",
    "order": "qsc",
    "f1": 0.289446,
    "precision": 0.399135,
    "recall": 0.227049,
    "n_edges": 694,
    "wall_s": 17.584552764892578
  },
  "gears_qcs": {
    "model": "gears",
    "order": "qcs",
    "f1": 0.266389,
    "precision": 0.364672,
    "recall": 0.209836,
    "n_edges": 702,
    "wall_s": 17.15370011329651
  },
  "gears_csq": {
    "model": "gears",
    "order": "csq",
    "f1": 0.26506,
    "precision": 0.367199,
    "recall": 0.207377,
    "n_edges": 689,
    "wall_s": 19.558006048202515
  },
  "gears_cqs": {
    "model": "gears",
    "order": "cqs",
    "f1": 0.266807,
    "precision": 0.371345,
    "recall": 0.208197,
    "n_edges": 684,
    "wall_s": 13.801779985427856
  },
  "cpa_q": {
    "model": "cpa",
    "order": "q",
    "f1": 0.258131,
    "precision": 0.348675,
    "recall": 0.204918,
    "n_edges": 717,
    "wall_s": 15.827031135559082
  },
  "cpa_c": {
    "model": "cpa",
    "order": "c",
    "f1": 0.268116,
    "precision": 0.363764,
    "recall": 0.212295,
    "n_edges": 712,
    "wall_s": 18.114262104034424
  },
  "cpa_s": {
    "model": "cpa",
    "order": "s",
    "f1": 0.27268,
    "precision": 0.370945,
    "recall": 0.215574,
    "n_edges": 709,
    "wall_s": 37.71804881095886
  },
  "cpa_sqc": {
    "model": "cpa",
    "order": "sqc",
    "f1": 0.286008,
    "precision": 0.383978,
    "recall": 0.227869,
    "n_edges": 724,
    "wall_s": 20.01298189163208
  },
  "cpa_scq": {
    "model": "cpa",
    "order": "scq",
    "f1": 0.282064,
    "precision": 0.374491,
    "recall": 0.22623,
    "n_edges": 737,
    "wall_s": 20.004241943359375
  },
  "cpa_qsc": {
    "model": "cpa",
    "order": "qsc",
    "f1": 0.261905,
    "precision": 0.355337,
    "recall": 0.207377,
    "n_edges": 712,
    "wall_s": 23.270445108413696
  },
  "cpa_qcs": {
    "model": "cpa",
    "order": "qcs",
    "f1": 0.28867,
    "precision": 0.391304,
    "recall": 0.228689,
    "n_edges": 713,
    "wall_s": 45.984026193618774
  },
  "cpa_csq": {
    "model": "cpa",
    "order": "csq",
    "f1": 0.271934,
    "precision": 0.363512,
    "recall": 0.217213,
    "n_edges": 729,
    "wall_s": 23.111966133117676
  },
  "cpa_cqs": {
    "model": "cpa",
    "order": "cqs",
    "f1": 0.258098,
    "precision": 0.346207,
    "recall": 0.205738,
    "n_edges": 725,
    "wall_s": 22.167067289352417
  },
  "geneformer_q": {
    "model": "geneformer",
    "order": "q",
    "f1": 0.250804,
    "precision": 0.362229,
    "recall": 0.191803,
    "n_edges": 646,
    "wall_s": 21.41225504875183
  },
  "geneformer_c": {
    "model": "geneformer",
    "order": "c",
    "f1": 0.251447,
    "precision": 0.350954,
    "recall": 0.195902,
    "n_edges": 681,
    "wall_s": 22.326714277267456
  },
  "geneformer_s": {
    "model": "geneformer",
    "order": "s",
    "f1": 0.263185,
    "precision": 0.36259,
    "recall": 0.206557,
    "n_edges": 695,
    "wall_s": 86.74133515357971
  },
  "geneformer_sqc": {
    "model": "geneformer",
    "order": "sqc",
    "f1": 0.267867,
    "precision": 0.378176,
    "recall": 0.207377,
    "n_edges": 669,
    "wall_s": 15.761317014694214
  },
  "geneformer_scq": {
    "model": "geneformer",
    "order": "scq",
    "f1": 0.276044,
    "precision": 0.388972,
    "recall": 0.213934,
    "n_edges": 671,
    "wall_s": 15.22698187828064
  },
  "geneformer_qsc": {
    "model": "geneformer",
    "order": "qsc",
    "f1": 0.245763,
    "precision": 0.347305,
    "recall": 0.190164,
    "n_edges": 668,
    "wall_s": 17.069562196731567
  },
  "geneformer_qcs": {
    "model": "geneformer",
    "order": "qcs",
    "f1": 0.26397,
    "precision": 0.376328,
    "recall": 0.203279,
    "n_edges": 659,
    "wall_s": 18.255872011184692
  },
  "geneformer_csq": {
    "model": "geneformer",
    "order": "csq",
    "f1": 0.287223,
    "precision": 0.403561,
    "recall": 0.222951,
    "n_edges": 674,
    "wall_s": 19.71551489830017
  },
  "geneformer_cqs": {
    "model": "geneformer",
    "order": "cqs",
    "f1": 0.266244,
    "precision": 0.374443,
    "recall": 0.206557,
    "n_edges": 673,
    "wall_s": 20.895156145095825
  }
}