{
  "gears": {
    "f1": 0.303061,
    "precision": 0.401351,
    "recall": 0.243443,
    "n_edges": 740,
    "wall_s": 24.111436128616333
  },
  "cpa": {
    "f1": 0.309082,
    "precision": 0.398448,
    "recall": 0.252459,
    "n_edges": 773,
    "wall_s": 12.888084888458252
  },
  "geneformer": {
    "f1": 0.319302,
    "precision": 0.427198,
    "recall": 0.254918,
    "n_edges": 728,
    "wall_s": 16.976496934890747
  }
}