{
  "n_genes": 500,
  "seed": 42,
  "gene_subset_first": [
    "ABCF1",
    "ABHD11",
    "ABHD17A",
    "ACTL6A",
    "ADAT2"
  ],
  "real": {
    "lambdas": [],
    "n_edges": [],
    "max_edges_along_path": 0,
    "wall_time": 11620.094293117523
  },
  "elastic_net": {
    "lambdas": [
      16.1963202047549,
      12.7102237636862,
      9.97447482395084,
      7.82756856711506,
      6.14276247665325,
      4.82059409905447,
      2.96875425217814,
      2.32975949892009,
      1.82830199529857,
      1.43477821962402,
      0.883605599831951,
      0.262992080089333
    ],
    "n_edges": [
      216,
      249,
      290,
      316,
      331,
      333,
      27,
      304,
      191,
      3643,
      247,
      748
    ],
    "max_edges_along_path": 3643,
    "wall_time": 6683.886867284775
  }
}