{
  "terms": [
    "precision",
    "mmd",
    "sinkhorn"
  ],
  "lambdas": [
    0.0,
    0.1,
    0.3,
    1.0,
    3.0,
    10.0,
    30.0,
    100.0
  ],
  "seeds": [
    42,
    123,
    456,
    789,
    1024
  ],
  "n_val_trials": 21,
  "scored_against": "A1 perturbation-anchored GT (primary)",
  "val_mean_f1": {
    "precision|0.1": 0.017154,
    "precision|0.3": 0.016821199999999998,
    "precision|1.0": 0.01701,
    "precision|3.0": 0.0181922,
    "precision|10.0": 0.018113999999999998,
    "precision|30.0": 0.0181148,
    "precision|100.0": 0.0180294,
    "mmd|0.1": 0.0171658,
    "mmd|0.3": 0.0174154,
    "mmd|1.0": 0.017048,
    "mmd|3.0": 0.0151982,
    "mmd|10.0": 0.017571200000000002,
    "mmd|30.0": 0.017311,
    "mmd|100.0": 0.0169762,
    "sinkhorn|0.1": 0.0169206,
    "sinkhorn|0.3": 0.018362999999999997,
    "sinkhorn|1.0": 0.0203268,
    "sinkhorn|3.0": 0.0169072,
    "sinkhorn|10.0": 0.0175962,
    "sinkhorn|30.0": 0.0176258,
    "sinkhorn|100.0": 0.017401
  },
  "recon_val_f1": 0.0179672,
  "term_star": "sinkhorn",
  "lambda_star": 1.0,
  "test": {
    "vanilla": {
      "mean": 0.0198646,
      "sd": 0.005897763499836187,
      "per_seed": [
        0.016667,
        0.015734,
        0.014414,
        0.025759,
        0.026749
      ]
    },
    "recon": {
      "mean": 0.017888599999999998,
      "sd": 0.006034907190669961,
      "per_seed": [
        0.007233,
        0.020376,
        0.019048,
        0.021242,
        0.021544
      ]
    },
    "star": {
      "mean": 0.0153094,
      "sd": 0.006608774909164331,
      "per_seed": [
        0.005479,
        0.023962,
        0.014412,
        0.016694,
        0.016
      ]
    }
  },
  "star_minus_recon_test": {
    "mean": -0.0025791999999999994,
    "sd": 0.003727844041802179,
    "per_seed": [
      -0.0017539999999999995,
      0.0035860000000000024,
      -0.0046359999999999995,
      -0.004548,
      -0.005544
    ],
    "n_win": 1
  },
  "keep": false,
  "verdict": "DISCARD (no-GPU proxy; definitive test = GPU CPA retrain)"
}