{
  "n_splits": 3,
  "splits": [
    {
      "split": 0,
      "seed": 42,
      "edges_a": 1092,
      "edges_b": 1083,
      "f1_ab": 0.042298850574712644,
      "precision_ab": 0.04212454212454213,
      "recall_ab": 0.04247460757156048,
      "wall_time": 42.053847789764404
    },
    {
      "split": 1,
      "seed": 1042,
      "edges_a": 1095,
      "edges_b": 1111,
      "f1_ab": 0.04805077062556665,
      "precision_ab": 0.048401826484018265,
      "recall_ab": 0.04770477047704771,
      "wall_time": 49.54610991477966
    },
    {
      "split": 2,
      "seed": 2042,
      "edges_a": 1089,
      "edges_b": 1082,
      "f1_ab": 0.04514048825426071,
      "precision_ab": 0.04499540863177227,
      "recall_ab": 0.04528650646950092,
      "wall_time": 222.0818328857422
    }
  ],
  "f1_mean": 0.04516336981818,
  "f1_std": 0.0028760282930335754,
  "precision_mean": 0.04517392574677755,
  "recall_mean": 0.0451552948393697
}