{
  "n_perturbations": 193,
  "n_genes": 200,
  "delta_var_ratio_per_pert": {
    "gears": [
      0.005239240601215142,
      9.378586906628243,
      5.643599231085095,
      0.3186961535879908,
      4.2241505441161875,
      0.28180850882950925,
      7.4892396301902835,
      3.87036190294242,
      0.010005995587137271,
      29.73197069554793,
      3.4557199419975286,
      0.49804170200576947,
      0.6122450293117524,
      0.9899447368604176,
      0.4728834347605184,
      0.8521759896881542,
      8.237894369326177,
      1.7700473356939643,
      1.2203165202432857,
      6.719775983736425,
      0.8272275008931472,
      7.840930035325509,
      0.4114955501219206,
      0.7207553849284928,
      1.300102359850137,
      0.32504114486068575,
      0.08722313617140451,
      0.2882047086552163,
      0.2353104266301055,
      1.1703834206065091,
      1.4389070636630898,
      2.067364906270809,
      1.1725998581772124,
      0.028838374750995658,
      1.526280557661637,
      0.6768957757958265,
      0.9776298844815483,
      0.3367179238618053,
      0.49913894180196283,
      1.6056991210872398,
      1.753954620316367,
      0.8530680617681319,
      0.46141899077837134,
      0.0056858234352128315,
      3.139822128005997,
      0.21177007977760037,
      5.035246116345348,
      0.023109198473794102,
      0.1115672334050675,
      0.025709982918531136,
      11.264256937842427,
      0.10046405894442752,
      0.6150372339209214,
      6.737868098009561,
      0.9120040281803923,
      1.2324903179659268,
      0.343407895769463,
      0.12906451470640415,
      5.952752752404413,
      0.037663968351281094,
      0.8320585526272731,
      0.1300512570570794,
      3.0410943936602033,
      0.24697966347884442,
      1.2272222659957575,
      0.10250153641978116,
      0.010178593792229648,
      3.5587200703689454,
      0.11779991225913632,
      0.17266949514079818,
      0.14690194807251478,
      0.1509533744499162,
      4.783158282404907,
      0.042106500386211,
      0.037342693173991255,
      2.9754910913975765,
      1.9030504321438928,
      0.058534729411764,
      0.09960907190457041,
      0.2702350822628568,
      0.06878225691173145,
      1.3493260564915817,
      3.1271963777883953,
      2.077524714215312,
      0.36841984869300154,
      0.6079974808286116,
      2.0137962076949796,
      0.8186030643160298,
      0.03152858143194702,
      0.4705502015159405,
      0.22684049422641434,
      0.7973701248612614,
      0.2605955726484247,
      0.09910329868263026,
      0.08368855752560284,
      0.5356553492389293,
      0.1114497090629539,
      0.036286967626135286,
      0.13155569828884786,
      0.4433176688305622,
      0.01741412907545449,
      0.05002203678346329,
      0.6343270290688133,
      0.6396757844112898,
      2.036440813671034,
      10.989584361123018,
      0.26871789677724484,
      0.3385540493970165,
      0.008413374013034196,
      0.056190474402065184,
      0.37545430339883173,
      1.9640674865057532,
      0.2752990671497445,
      3.251152870757454,
      0.008861183822671242,
      0.033558852270494204,
      0.0816304037342976,
      0.011146915689163372,
      0.3072206331615504,
      0.18181634375420438,
      5.060923175277417,
      0.7666453086708185,
      0.024209352574050963,
      2.9392292271373757,
      0.17040513926580203,
      1.344265058272831,
      0.6232343671034187,
      0.5131486086929312,
      2.807720581164027,
      1.5087453466480543,
      1.0938379360984394,
      0.027261039961279623,
      0.01908662287684049,
      8.411836506011475,
      0.11992287626993506,
      0.013562851752834643,
      0.19711386622708207,
      0.15044225609827125,
      0.2712926923886463,
      0.09299430379707,
      0.04787030011594059,
      0.11744943452010417,
      1.2635873350291638,
      1.4592912482168803,
      0.03956905044505848,
      1.6250439790740359,
      0.17872884777684764,
      0.05117527335621268,
      0.2411091475687964,
      1.5349947951394916,
      1.6930514606406846,
      0.5933376039344382,
      0.072724153019834,
      0.9232376729865241,
      0.23603024582473633,
      24.06483950830473,
      0.3478531901295934,
      6.607482304600483,
      0.15237433317833027,
      0.016398410508317664,
      0.102374964691599,
      0.7708950699500804,
      11.465770757666835,
      0.27314494420272806,
      0.08177184867546793,
      0.002035571860705186,
      16.57507010367878,
      0.046782000544677294,
      0.14924855443840876,
      4.292639228684092,
      0.7585297649852905,
      5.299279425912922,
      1.9785370202904446,
      0.7515156552576264,
      0.12408057127261687,
      0.2842596847275188,
      1.6595493699406285,
      12.114938845290354,
      0.026560105613077763,
      0.4707281736233525,
      3.583839605332939,
      0.027326109216489095,
      1.3130565088162092,
      3.8358783244878785,
      1.017097465012919,
      0.42721066354334336,
      1.4997619670402027,
      0.12168342589894852,
      0.013506114270631512,
      0.14405504438496042,
      0.2453648826717254,
      0.053510582379066036,
      0.43071227701719417
    ],