{
  "single_calibration": {
    "n_genes": 20,
    "n_true_edges": 25,
    "n_predicted_edges": 62,
    "n_control_cells": 500,
    "n_pert_cells_per_gene": 100,
    "partition_size": 20,
    "auprc": 0.18844792441971125,
    "random_auprc": 0.06992340922793878,
    "auprc_lift": 2.6950620185781,
    "precision_at_10": 0.1774193548387097,
    "n_true_positive": 11,
    "shd": 53,
    "shd_missing": 2,
    "shd_extra": 39,
    "shd_reversed": 12,
    "wall_time_seconds": 2.7175872325897217,
    "calibration_passed": true
  },
  "scale_test": {
    "10_genes": {
      "mean_auprc": 0.3045845132311298,
      "mean_lift": 2.2119914045759583,
      "per_seed": [
        {
          "n_genes": 10,
          "n_true_edges": 12,
          "n_predicted_edges": 19,
          "n_control_cells": 500,
          "n_pert_cells_per_gene": 100,
          "partition_size": 10,
          "auprc": 0.4057299843014129,
          "random_auprc": 0.13868765283493012,
          "auprc_lift": 2.92549463494291,
          "precision_at_10": 0.3684210526315789,
          "n_true_positive": 7,
          "shd": 13,
          "shd_missing": 1,
          "shd_extra": 8,
          "shd_reversed": 4,
          "wall_time_seconds": 0.21672606468200684,
          "calibration_passed": true
        },
        {
          "n_genes": 10,
          "n_true_edges": 12,
          "n_predicted_edges": 25,
          "n_control_cells": 500,
          "n_pert_cells_per_gene": 100,
          "partition_size": 10,
          "auprc": 0.2266899766899767,
          "random_auprc": 0.1369521575310256,
          "auprc_lift": 1.6552494007888965,
          "precision_at_10": 0.2,
          "n_true_positive": 5,
          "shd": 21,
          "shd_missing": 1,
          "shd_extra": 14,
          "shd_reversed": 6,
          "wall_time_seconds": 0.26354002952575684,
          "calibration_passed": false
        },
        {
          "n_genes": 10,
          "n_true_edges": 12,
          "n_predicted_edges": 21,
          "n_control_cells": 500,
          "n_pert_cells_per_gene": 100,
          "partition_size": 10,
          "auprc": 0.2813335787019997,
          "random_auprc": 0.13688665226603036,
          "auprc_lift": 2.0552301779960698,
          "precision_at_10": 0.3333333333333333,
          "n_true_positive": 7,
          "shd": 16,
          "shd_missing": 2,
          "shd_extra": 11,
          "shd_reversed": 3,
          "wall_time_seconds": 0.27970170974731445,
          "calibration_passed": true
        }
      ]
    },
    "20_genes": {
      "mean_auprc": 0.44872985359597156,
      "mean_lift": 6.456530403567588,
      "per_seed": [
        {
          "n_genes": 20,
          "n_true_edges": 24,
          "n_predicted_edges": 38,
          "n_control_cells": 500,
          "n_pert_cells_per_gene": 100,
          "partition_size": 20,
          "auprc": 0.40703456372986524,
          "random_auprc": 0.06733222920799022,
          "auprc_lift": 6.045166906215591,
          "precision_at_10": 0.2631578947368421,
          "n_true_positive": 10,
          "shd": 31,
          "shd_missing": 3,
          "shd_extra": 17,
          "shd_reversed": 11,
          "wall_time_seconds": 1.738515853881836,
          "calibration_passed": true
        },
        {
          "n_genes": 20,
          "n_true_edges": 24,
          "n_predicted_edges": 61,
          "n_control_cells": 500,
          "n_pert_cells_per_gene": 100,
          "partition_size": 20,
          "auprc": 0.3879644304115409,
          "random_auprc": 0.07078401669336161,
          "auprc_lift": 5.480960936311567,
          "precision_at_10": 0.14754098360655737,
          "n_true_positive": 9,
          "shd": 61,
          "shd_missing": 9,
          "shd_extra": 46,
          "shd_reversed": 6,
          "wall_time_seconds": 3.1165881156921387,
          "calibration_passed": true
        },
        {
          "n_genes": 20,
          "n_true_edges": 24,
          "n_predicted_edges": 48,
          "n_control_cells": 500,
          "n_pert_cells_per_gene": 100,
          "partition_size": 20,
          "auprc": 0.5511905666465083,
          "random_auprc": 0.07027387529888032,
          "auprc_lift": 7.843463368175605,
          "precision_at_10": 0.2916666666666667,
          "n_true_positive": 14,
          "shd": 38,
          "shd_missing": 4,
          "shd_extra": 28,
          "shd_reversed": 6,
          "wall_time_seconds": 2.0561602115631104,
          "calibration_passed": true
        }
      ]
    },
    "30_genes": {
      "mean_auprc": 0.3132398117590282,
      "mean_lift": 6.73378781598817,
      "per_seed": [
        {
          "n_genes": 30,
          "n_true_edges": 36,
          "n_predicted_edges": 55,
          "n_control_cells": 500,
          "n_pert_cells_per_gene": 100,
          "partition_size": 30,
          "auprc": 0.41941894480990605,
          "random_auprc": 0.04594085323559387,
          "auprc_lift": 9.129541905959865,
          "precision_at_10": 0.2727272727272727,
          "n_true_positive": 15,
          "shd": 53,
          "shd_missing": 13,
          "shd_extra": 32,
          "shd_reversed": 8,
          "wall_time_seconds": 7.747591972351074,
          "calibration_passed": true
        },
        {
          "n_genes": 30,
          "n_true_edges": 36,
          "n_predicted_edges": 97,
          "n_control_cells": 500,
          "n_pert_cells_per_gene": 100,
          "partition_size": 30,
          "auprc": 0.18065621992559677,
          "random_auprc": 0.046582389330580176,
          "auprc_lift": 3.878208535924122,
          "precision_at_10": 0.14432989690721648,
          "n_true_positive": 14,
          "shd": 85,
          "shd_missing": 2,
          "shd_extra": 63,
          "shd_reversed": 20,
          "wall_time_seconds": 19.595844268798828,
          "calibration_passed": true
        },
        {
          "n_genes": 30,
          "n_true_edges": 36,
          "n_predicted_edges": 72,
          "n_control_cells": 500,
          "n_pert_cells_per_gene": 100,
          "partition_size": 30,
          "auprc": 0.33964427054158186,
          "random_auprc": 0.04721469868541605,
          "auprc_lift": 7.193613006080523,
          "precision_at_10": 0.18055555555555555,
          "n_true_positive": 13,
          "shd": 66,
          "shd_missing": 7,
          "shd_extra": 43,
          "shd_reversed": 16,
          "wall_time_seconds": 9.574249029159546,
          "calibration_passed": true
        }
      ]
    },
    "50_genes": {
      "mean_auprc": 0.2015103798420542,
      "mean_lift": 6.625499471325232,
      "per_seed": [
        {
          "n_genes": 50,
          "n_true_edges": 60,
          "n_predicted_edges": 88,
          "n_control_cells": 500,
          "n_pert_cells_per_gene": 100,
          "partition_size": 30,
          "auprc": 0.15699956531669518,
          "random_auprc": 0.03156003417113548,
          "auprc_lift": 4.974632298094454,
          "precision_at_10": 0.18181818181818182,
          "n_true_positive": 16,
          "shd": 102,
          "shd_missing": 30,
          "shd_extra": 58,
          "shd_reversed": 14,
          "wall_time_seconds": 9.911960124969482,
          "calibration_passed": true
        },
        {
          "n_genes": 50,
          "n_true_edges": 60,
          "n_predicted_edges": 105,
          "n_control_cells": 500,
          "n_pert_cells_per_gene": 100,
          "partition_size": 30,
          "auprc": 0.09337667742992664,
          "random_auprc": 0.03193490783347781,
          "auprc_lift": 2.9239689031461227,
          "precision_at_10": 0.07,
          "n_true_positive": 8,
          "shd": 131,
          "shd_missing": 34,
          "shd_extra": 79,
          "shd_reversed": 18,
          "wall_time_seconds": 10.21782398223877,
          "calibration_passed": true
        },
        {
          "n_genes": 50,
          "n_true_edges": 60,
          "n_predicted_edges": 110,