{
  "real_n_edges": 1220,
  "n_eval_genes": 200,
  "n_predictions": 200,
  "seed": 456,
  "partition_size": 20,
  "state": {
    "n_edges": 1302,
    "f1": 0.04837430610626488,
    "precision": 0.04685099846390169,
    "recall": 0.05,
    "tp": 61,
    "wall_time_s": 414.82666301727295
  }
}