{
  "real_n_edges": 1220,
  "n_eval_genes": 200,
  "n_predictions": 200,
  "seed": 42,
  "partition_size": 20,
  "state": {
    "n_edges": 1061,
    "f1": 0.4620780359491451,
    "precision": 0.49670122525918947,
    "recall": 0.4319672131147541,
    "tp": 527,
    "wall_time_s": 88.49117374420166
  }
}