{
  "model": "state",
  "n_seeds": 3,
  "seeds": [
    42,
    123,
    456
  ],
  "f1_per_seed": [
    0.4620780359491451,
    0.040864440078585466,
    0.04837430610626488
  ],
  "f1_mean": 0.18377226071133182,
  "f1_ci95": [
    -0.08900049617456021,
    0.4565450175972239
  ]
}