{
  "model": "state",
  "n_seeds": 3,
  "seeds": [
    42,
    123,
    456
  ],
  "f1_per_seed": [
    0.4620780359491451,
    0.03987863025574339,
    0.05074365704286964
  ],
  "f1_mean": 0.18423344108258602,
  "f1_ci95": [
    -0.0881236490516101,
    0.45659053121678217
  ]
}