{
  "real_n_edges": 1220,
  "n_eval_genes": 200,
  "n_predictions": 200,
  "seed": 123,
  "partition_size": 20,
  "state": {
    "n_edges": 1325,
    "f1": 0.040864440078585466,
    "precision": 0.03924528301886793,
    "recall": 0.04262295081967213,
    "tp": 52,
    "wall_time_s": 546.5369489192963
  }
}