{
  "real_n_edges": 1220,
  "n_eval_genes": 200,
  "n_predictions": 200,
  "seed": 123,
  "partition_size": 20,
  "state": {
    "n_edges": 1087,
    "f1": 0.03987863025574339,
    "precision": 0.04231830726770929,
    "recall": 0.03770491803278689,
    "tp": 46,
    "wall_time_s": 84.63967227935791
  }
}