{
  "model": "state",
  "n_seeds": 3,
  "seeds": [
    42,
    123,
    456
  ],
  "f1_per_seed": [
    0.4620780359491451,
    0.040864440078585466,
    0.04837430610626488
  ],
  "f1_mean": 0.18377226071133182,
  "f1_ci95": [
    -0.4150269469726007,
    0.7825714683952643
  ],
  "ci_method": "t-distribution (df=n-1)"
}